shard,instance_id,turn_id,asin,nM,nP,nO,Ma,Pa,Oa,soft_value,maximum,must_pass,score,failed_musts
1,webshop_goal_00000,0,B0755C2S9X,1,1,4,1,1,4,6,6,True,1.0,
1,webshop_goal_00000,1,B0755C2S9X,1,2,3,1,2,2,6,7,True,0.8571428571428571,
1,webshop_goal_00000,2,B07VKMS1BR,3,0,5,2,0,3,3,5,False,0.0,insert
1,webshop_goal_00000,3,B07JKV8KFM,3,1,4,1,1,4,6,6,False,0.0,excluded_themes;style
1,webshop_goal_00318,0,B08HYMDSRJ,1,0,5,1,0,3,3,5,True,0.6,
1,webshop_goal_00318,1,B087N858V4,3,0,4,3,0,4,4,4,True,1.0,
1,webshop_goal_00318,2,B08TVBQ3WQ,1,2,5,1,1,4,6,9,True,0.6666666666666666,
1,webshop_goal_01181,0,B09Q6FL6CH,1,0,10,1,0,7,7,10,True,0.7,
1,webshop_goal_01181,1,B09PTXWV1C,4,8,1,3,5,0,10,17,False,0.0,covered
1,webshop_goal_01181,2,B09PTXWV1C,2,11,1,2,7,0,14,23,True,0.6086956521739131,
1,webshop_goal_01181,3,B09NXHSSFC,3,12,1,1,6,0,12,25,False,0.0,brand_quality;high_heel
1,webshop_goal_02449,0,B09QKPVDC5,1,0,4,1,0,4,4,4,True,1.0,
1,webshop_goal_02449,1,B09QKPVDC5,2,2,4,1,1,4,6,8,False,0.0,finish
1,webshop_goal_02449,2,B09QKPVDC5,3,3,4,2,2,4,8,10,False,0.0,excluded_styles
1,webshop_goal_02449,3,B09QKPVDC5,1,5,4,1,3,4,10,14,True,0.7142857142857143,
1,webshop_goal_02449,4,B09N945P2F,2,6,4,2,5,1,11,16,True,0.6875,
1,webshop_goal_02449,5,B09P3153DR,2,7,4,2,7,1,15,18,True,0.8333333333333334,
1,webshop_goal_02702,0,B08P3TR4P9,1,0,9,0,0,5,5,9,False,0.0,category
1,webshop_goal_02702,1,B08P3TR4P9,1,0,9,1,0,5,5,9,True,0.5555555555555556,
1,webshop_goal_02702,2,B08P28NXH3,2,0,9,2,0,8,8,9,True,0.8888888888888888,
1,webshop_goal_02702,3,B08P28NXH3,2,1,8,2,1,7,9,10,True,0.9,
1,webshop_goal_02702,4,B08P28NXH3,2,1,8,2,1,7,9,10,True,0.9,
1,webshop_goal_02702,5,B08P28NXH3,2,2,8,1,2,7,11,12,False,0.0,ingredient_exclusions
1,webshop_goal_05038,0,B0813C1C4J,1,0,3,1,0,3,3,3,True,1.0,
1,webshop_goal_05038,1,B0813C1C4J,2,0,3,2,0,3,3,3,True,1.0,
1,webshop_goal_05038,2,B0813C1C4J,2,1,2,2,1,2,4,4,True,1.0,
1,webshop_goal_05038,3,B0813C1C4J,2,2,2,2,2,2,6,6,True,1.0,
1,webshop_goal_05038,4,B07TKT9MSC,4,3,2,1,1,1,3,8,False,0.0,outdoor_antenna;indoor_antenna;cables_included
1,webshop_goal_05038,5,B09JFTT6TW,3,3,2,2,3,1,7,8,False,0.0,indoor_antenna
1,webshop_goal_05038,6,B08L9SG331,2,5,2,2,2,1,5,12,True,0.4166666666666667,
1,webshop_goal_05121,0,B007HRFOXM,6,1,0,6,1,0,2,2,True,1.0,
1,webshop_goal_05121,1,B007HRFOXM,6,0,1,6,0,1,1,1,True,1.0,
1,webshop_goal_05121,2,B097F54DT8,3,6,0,2,6,0,12,12,False,0.0,entree_type
1,webshop_goal_05121,3,B007HRFOXM,2,5,3,2,5,3,13,13,True,1.0,
1,webshop_goal_05121,4,B007HRFOXM,2,5,4,2,5,4,14,14,True,1.0,
1,webshop_goal_06824,0,B00OV7VHSC,1,0,3,1,0,3,3,3,True,1.0,
1,webshop_goal_06824,1,B08PDLB8M6,1,0,3,1,0,2,2,3,True,0.6666666666666666,
1,webshop_goal_06824,2,B002FOEHCG,3,0,3,3,0,2,2,3,True,0.6666666666666666,
1,webshop_goal_06824,3,B09BZRBGJF,4,1,2,4,1,2,4,4,True,1.0,
1,webshop_goal_06824,4,B084WQBZ2M,3,3,2,2,1,2,4,8,False,0.0,budget_max
2,webshop_goal_00273,0,B09PL9RGVP,8,0,0,5,0,0,0,0,False,0.0,color;size;big_and_tall
2,webshop_goal_00273,1,B09J4MZTM8,4,0,5,3,0,2,2,5,False,0.0,big_and_tall
2,webshop_goal_00273,2,B09KM5GK7V,5,1,4,3,0,3,3,6,False,0.0,size;big_and_tall
2,webshop_goal_00273,3,B09KM5GK7V,1,6,4,1,2,3,7,16,True,0.4375,
2,webshop_goal_01259,0,B09QXKCNDR,5,0,0,4,0,0,0,0,False,0.0,category
2,webshop_goal_01259,1,B073B55T1V,3,0,2,2,0,2,2,2,False,0.0,category
2,webshop_goal_01259,2,B07VKC4WVH,2,1,2,2,1,2,4,4,True,1.0,
2,webshop_goal_01259,3,B07G4HJR5V,2,2,2,2,2,2,6,6,True,1.0,
2,webshop_goal_01259,4,B09P2WJXCW,2,2,2,2,1,2,4,6,True,0.6666666666666666,
2,webshop_goal_01259,5,B09P7ZPJMX,1,2,3,1,0,0,0,7,True,0.0,
2,webshop_goal_01456,0,B08YNMW5DF,6,0,0,6,0,0,0,0,True,1.0,
2,webshop_goal_01456,1,B08YNMW5DF,3,1,4,3,1,4,6,6,True,1.0,
2,webshop_goal_01456,2,B08YNMW5DF,3,2,3,2,2,3,7,7,False,0.0,budget_max
2,webshop_goal_01456,3,B08YNMW5DF,4,2,3,3,2,3,7,7,False,0.0,budget_max
2,webshop_goal_01456,4,B099QTGKRP,3,3,3,2,3,3,9,9,False,0.0,budget_max
2,webshop_goal_01456,5,B09JW4YBHX,4,1,3,3,1,2,4,5,False,0.0,budget_max
2,webshop_goal_02656,0,B08P2M3YHH,5,0,0,5,0,0,0,0,True,1.0,
2,webshop_goal_02656,1,B08FHF3YVL,4,0,4,4,0,3,3,4,True,0.75,
2,webshop_goal_02656,2,B001G7PX2Q,3,3,4,2,3,3,9,10,False,0.0,color
2,webshop_goal_02656,3,B001G7PX2Q,3,3,4,3,3,3,9,10,True,0.9,
2,webshop_goal_04166,0,B08N9ZQTYT,5,0,0,2,0,0,0,0,False,0.0,category;style;high_density
2,webshop_goal_04166,1,B09Q48K482,2,0,3,2,0,3,3,3,True,1.0,
2,webshop_goal_04166,2,B09Q48K482,2,1,3,2,1,3,5,5,True,1.0,
2,webshop_goal_04166,3,B083GJ71BL,5,0,3,5,0,3,3,3,True,1.0,
2,webshop_goal_04166,4,B083GJ71BL,3,4,2,3,4,2,10,10,True,1.0,
2,webshop_goal_04166,5,B083GJ71BL,2,6,2,2,6,2,14,14,True,1.0,
2,webshop_goal_04335,0,B08T8K5C8L,4,0,0,4,0,0,0,0,True,1.0,
2,webshop_goal_04335,1,B08BMV5Y7D,2,0,2,2,0,1,1,2,True,0.5,
2,webshop_goal_04335,2,B074FJ4DBW,2,2,1,2,2,0,4,5,True,0.8,
2,webshop_goal_04335,3,B00VB1XXS8,1,3,2,0,0,1,1,8,False,0.0,category
2,webshop_goal_04512,0,B082KBN23S,5,0,0,4,0,0,0,0,False,0.0,size
2,webshop_goal_04512,1,B09QY2CGNP,3,3,1,3,2,1,5,7,True,0.7142857142857143,
2,webshop_goal_04512,2,B091BVMLWQ,2,3,2,2,2,1,5,8,True,0.625,
2,webshop_goal_04512,3,B07DC6SVWY,3,3,1,2,2,1,5,7,False,0.0,shape
2,webshop_goal_04512,4,B09QY2CGNP,4,2,1,4,2,0,4,5,True,0.8,
2,webshop_goal_04512,5,B07V5WV2KS,4,2,1,3,2,0,4,5,False,0.0,shape
2,webshop_goal_05044,0,B083HZSV5D,8,0,0,3,0,0,0,0,False,0.0,style;oil_free;clinically_proven;paraben_free;retinol_sa
2,webshop_goal_05044,1,B08D4MH7XQ,1,7,0,1,7,0,14,14,True,1.0,
2,webshop_goal_05044,2,B08D4MH7XQ,2,7,1,0,3,1,7,15,False,0.0,retinol_sa;set_of_treatment
2,webshop_goal_05044,3,B08D4MH7XQ,2,7,2,2,2,1,5,16,True,0.3125,
2,webshop_goal_05044,4,B01HOHBS6G,3,5,3,1,2,1,5,13,False,0.0,retinol_sa;oil_free
2,webshop_goal_05775,0,B07WFJXPXP,4,0,0,4,0,0,0,0,True,1.0,
2,webshop_goal_05775,1,B07WFJXPXP,3,3,0,3,3,0,6,6,True,1.0,
2,webshop_goal_05775,2,B091XYQB6V,4,4,0,3,4,0,8,8,False,0.0,connector_type
2,webshop_goal_05775,3,B091XYQB6V,2,8,0,2,7,0,14,16,True,0.875,
3,webshop_goal_00209,0,B09JPCBS5P,10,0,0,9,0,0,0,0,False,0.0,teen_girls
3,webshop_goal_00209,1,B09N93N24D,3,5,2,3,3,1,7,12,True,0.5833333333333334,
3,webshop_goal_00209,2,B09MFDHVZV,3,8,0,3,7,0,14,16,True,0.875,
3,webshop_goal_00209,3,B0872R463Z,1,8,1,1,7,0,14,17,True,0.8235294117647058,
3,webshop_goal_00209,4,B09KCLCQ79,3,7,2,2,5,2,12,16,False,0.0,neckline
3,webshop_goal_00277,0,B09PLCKDGP,3,0,0,3,0,0,0,0,True,1.0,
3,webshop_goal_00277,1,B09P7N8TZK,3,1,1,3,1,0,2,3,True,0.6666666666666666,
3,webshop_goal_00277,2,B095KH4LLQ,3,3,0,3,3,0,6,6,True,1.0,
3,webshop_goal_00277,3,B09K7BQMX6,6,2,0,5,2,0,4,4,False,0.0,spoon_shape
3,webshop_goal_00277,4,B091BMQF79,2,6,1,2,6,0,12,13,True,0.9230769230769231,
3,webshop_goal_01237,0,B09JFMYN7F,4,1,0,4,1,0,2,2,True,1.0,
3,webshop_goal_01237,1,B081JVHPQH,2,0,4,2,0,4,4,4,True,1.0,
3,webshop_goal_01237,2,B07MPTK3GY,2,3,1,2,2,1,5,7,True,0.7142857142857143,
3,webshop_goal_01237,3,B08YY95KNM,2,2,2,1,1,0,2,6,False,0.0,category
3,webshop_goal_01237,4,B08Q8D3L8F,1,3,4,0,2,1,5,10,False,0.0,budget_max
3,webshop_goal_01892,0,B09N3Q6FLB,6,0,0,5,0,0,0,0,False,0.0,easy_clean
3,webshop_goal_01892,1,B09N3Q6FLB,2,1,5,2,1,4,6,7,True,0.8571428571428571,
3,webshop_goal_01892,2,B09N3Q6FLB,0,4,4,0,3,3,9,12,True,0.75,
3,webshop_goal_01892,3,B08S3PRZ6N,3,4,4,2,1,3,5,12,False,0.0,drawer_count
3,webshop_goal_01892,4,B08S3PRZ6N,0,3,4,0,2,2,6,10,True,0.6,
3,webshop_goal_03085,0,B09PNBPH21,4,0,0,4,0,0,0,0,True,1.0,
3,webshop_goal_03085,1,B09J89X2S6,3,2,0,3,2,0,4,4,True,1.0,
3,webshop_goal_03085,2,B094MNF7Y9,2,4,0,1,3,0,6,8,False,0.0,width_max
3,webshop_goal_03085,3,B094MNF7Y9,2,5,0,2,3,0,6,10,True,0.6,
3,webshop_goal_03085,4,B094MNF7Y9,3,5,0,2,4,0,8,10,False,0.0,width_max
3,webshop_goal_03085,5,B098MP9WC5,1,8,0,1,5,0,10,16,True,0.625,
3,webshop_goal_03383,0,B07TN3Y9H1,4,0,0,4,0,0,0,0,True,1.0,
3,webshop_goal_03383,1,B07XV8CHY6,3,1,0,1,0,0,0,2,False,0.0,category;shade_type
3,webshop_goal_03383,2,B08DHS3TH5,2,2,0,2,2,0,4,4,True,1.0,
3,webshop_goal_03383,3,B08DHS3TH5,2,3,0,2,3,0,6,6,True,1.0,
3,webshop_goal_03383,4,B09LS78SVB,2,6,0,2,6,0,12,12,True,1.0,
3,webshop_goal_03884,0,B0892XMDQ9,6,0,0,6,0,0,0,0,True,1.0,
3,webshop_goal_03884,1,B09BFN6R2V,2,0,5,2,0,5,5,5,True,1.0,
3,webshop_goal_03884,2,B09BFN6R2V,2,1,5,2,1,5,7,7,True,1.0,
3,webshop_goal_03884,3,B099PFZBQJ,2,2,5,2,2,5,9,9,True,1.0,
3,webshop_goal_03884,4,B099PFZBQJ,2,4,5,2,3,5,11,13,True,0.8461538461538461,
3,webshop_goal_04592,0,B09SGG7WRF,5,0,0,3,0,0,0,0,False,0.0,category;quick_drying
3,webshop_goal_04592,1,B09P1L9NYW,2,3,0,0,1,0,2,6,False,0.0,category;coverage
3,webshop_goal_04592,2,B09SV99GM8,3,3,0,1,0,0,0,6,False,0.0,category;coverage
3,webshop_goal_04592,3,B09QKXHFCH,3,4,0,0,2,0,4,8,False,0.0,category;closure_style;coverage
3,webshop_goal_04592,4,B09QKXHFCH,2,4,0,0,2,0,4,8,False,0.0,category;coverage
3,webshop_goal_04592,5,B09SCNZPD1,1,5,0,0,3,0,6,10,False,0.0,quick_drying
3,webshop_goal_05351,0,B07CZSZ3VS,4,0,0,4,0,0,0,0,True,1.0,
3,webshop_goal_05351,1,B07CZSZ3VS,3,0,2,2,0,2,2,2,False,0.0,budget
3,webshop_goal_05351,2,B07F6VJGW4,1,2,2,1,2,2,6,6,True,1.0,
3,webshop_goal_05351,3,B07F6VJGW4,2,1,2,2,1,2,4,4,True,1.0,
3,webshop_goal_05351,4,B00LWZYFW6,3,1,2,1,1,1,3,4,False,0.0,dried_cranberries;multiple_packs
4,webshop_goal_00611,0,B09D7BJRPW,4,0,0,4,0,0,0,0,True,1.0,
4,webshop_goal_00611,1,B09M88M5ZL,1,1,0,1,1,0,2,2,True,1.0,
4,webshop_goal_00611,2,B09MWH76HR,2,2,0,2,2,0,4,4,True,1.0,
4,webshop_goal_00611,3,B09F6D8B2T,6,2,0,6,2,0,4,4,True,1.0,
4,webshop_goal_00611,4,B09JWF2STR,2,6,0,2,2,0,4,12,True,0.3333333333333333,
4,webshop_goal_00679,0,B07DH6TSFH,7,0,0,5,0,0,0,0,False,0.0,light_weight;high_resolution
4,webshop_goal_00679,1,B07DH6TSFH,2,0,5,2,0,3,3,5,True,0.6,
4,webshop_goal_00679,2,B07N7616LP,2,1,5,2,1,3,5,7,True,0.7142857142857143,
4,webshop_goal_00679,3,B07C1GMMPQ,2,2,5,2,1,4,6,9,True,0.6666666666666666,
4,webshop_goal_00679,4,B07T48V1Z1,2,4,4,2,3,3,9,12,True,0.75,
4,webshop_goal_00679,5,B07T48V1Z1,3,4,3,1,4,3,11,11,False,0.0,visual_style;light_weight
4,webshop_goal_00916,0,B09NVHDW1H,4,0,0,4,0,0,0,0,True,1.0,
4,webshop_goal_00916,1,B085TPFGBX,2,0,3,2,0,2,2,3,True,0.6666666666666666,
4,webshop_goal_00916,2,B085TPFGBX,3,0,2,3,0,2,2,2,True,1.0,
4,webshop_goal_00916,3,B085TPFGBX,2,1,2,2,1,2,4,4,True,1.0,
4,webshop_goal_00916,4,B08X67G85N,2,2,3,2,2,2,6,7,True,0.8571428571428571,
4,webshop_goal_01620,0,B094JDQH3R,4,0,0,4,0,0,0,0,True,1.0,
4,webshop_goal_01620,1,B099J66HCS,4,0,3,4,0,3,3,3,True,1.0,
4,webshop_goal_01620,2,B099J66HCS,2,3,2,2,3,2,8,8,True,1.0,
4,webshop_goal_01620,3,B099J66HCS,2,3,3,1,3,3,9,9,False,0.0,desktop_construction
4,webshop_goal_01620,4,B099J66HCS,2,4,3,2,3,3,9,11,True,0.8181818181818182,
4,webshop_goal_01620,5,B09831DKMY,2,5,2,2,5,2,12,12,True,1.0,
4,webshop_goal_01620,6,B09C896G8J,3,5,3,3,5,3,13,13,True,1.0,
4,webshop_goal_02592,0,B09F6F6986,5,0,0,5,0,0,0,0,True,1.0,
4,webshop_goal_02592,1,B09QHTZYHP,2,0,4,2,0,4,4,4,True,1.0,
4,webshop_goal_02592,2,B09QHTZYHP,2,2,4,2,2,4,8,8,True,1.0,
4,webshop_goal_02592,3,B09QHTZYHP,2,3,4,2,3,4,10,10,True,1.0,
4,webshop_goal_02592,4,B09QHTZYHP,3,2,3,3,2,3,7,7,True,1.0,
4,webshop_goal_03259,0,B09P5D3J4Q,4,0,0,4,0,0,0,0,True,1.0,
4,webshop_goal_03259,1,B07Q9YFB8M,2,0,3,1,0,3,3,3,False,0.0,format
4,webshop_goal_03259,2,B07Q9YFB8M,2,1,3,2,0,3,3,5,True,0.6,
4,webshop_goal_03259,3,B0823B9TZC,2,2,3,2,2,3,7,7,True,1.0,
4,webshop_goal_03259,4,B01NAALUTC,2,2,3,2,0,2,2,7,True,0.2857142857142857,
4,webshop_goal_03259,5,B07PR5PM85,3,3,2,3,2,2,6,8,True,0.75,
4,webshop_goal_03987,0,B09BZ2BN2H,3,0,0,2,0,0,0,0,False,0.0,color
4,webshop_goal_03987,1,B081JN1GTB,2,1,0,1,1,0,2,2,False,0.0,color
4,webshop_goal_03987,2,B081JN1GTB,3,2,0,3,2,0,4,4,True,1.0,
4,webshop_goal_03987,3,B01NCQLFPH,2,4,0,2,4,0,8,8,True,1.0,
4,webshop_goal_05380,0,B09S6VCRBC,4,0,0,4,0,0,0,0,True,1.0,
4,webshop_goal_05380,1,B09S6VCRBC,3,0,1,3,0,0,0,1,True,0.0,
4,webshop_goal_05380,2,B09S6VCRBC,4,1,0,4,0,0,0,2,True,0.0,
4,webshop_goal_05380,3,B09S6VCRBC,4,2,0,4,1,0,2,4,True,0.5,
4,webshop_goal_05380,4,B09PYK15CN,5,2,0,5,2,0,4,4,True,1.0,
4,webshop_goal_05380,5,B09PTXWV1C,4,4,0,1,1,0,2,8,False,0.0,category;toe_shape;rubber_sole
5,webshop_goal_00042,0,B09HWFH7JH,8,0,0,3,0,0,0,0,False,0.0,category;color;wash_cold;dry_clean;tumble_dry
5,webshop_goal_00042,1,B09FQD779V,1,0,7,1,0,5,5,7,True,0.7142857142857143,
5,webshop_goal_00042,2,B09JC9WGSV,2,0,6,2,0,4,4,6,True,0.6666666666666666,
5,webshop_goal_00042,3,B09JP444S6,2,1,6,2,1,3,5,8,True,0.625,
5,webshop_goal_00042,4,B09JP444S6,2,2,6,2,2,3,7,10,True,0.7,
5,webshop_goal_00042,5,B09GV7Y2G2,2,3,5,1,1,2,4,11,False,0.0,size
5,webshop_goal_00042,6,B09GV7Y2G2,2,4,5,2,1,2,4,13,True,0.3076923076923077,
5,webshop_goal_00074,0,B07MNXS7QQ,6,0,0,5,0,0,0,0,False,0.0,color
5,webshop_goal_00074,1,B07MNXS7QQ,2,0,5,2,0,4,4,5,True,0.8,
5,webshop_goal_00074,2,B07MNXS7QQ,3,1,3,3,1,3,5,5,True,1.0,
5,webshop_goal_00074,3,B07MNXS7QQ,2,3,3,2,3,3,9,9,True,1.0,
5,webshop_goal_00074,4,B07SR6W9B3,4,2,3,4,2,3,7,7,True,1.0,
5,webshop_goal_00074,5,B01LWWQV3S,2,5,3,2,3,2,8,13,True,0.6153846153846154,
5,webshop_goal_00074,6,B07SR6W9B3,2,5,3,1,5,3,13,13,False,0.0,hanging_style
5,webshop_goal_00100,0,B08VRJ8NXV,4,0,0,4,0,0,0,0,True,1.0,
5,webshop_goal_00100,1,B08VRJ8NXV,1,0,3,1,0,3,3,3,True,1.0,
5,webshop_goal_00100,2,B09MJXRHZX,3,0,3,3,0,3,3,3,True,1.0,
5,webshop_goal_00100,3,B09SHKGGQC,2,2,3,2,2,3,7,7,True,1.0,
5,webshop_goal_00100,4,B09SHKGGQC,2,3,3,2,3,3,9,9,True,1.0,
5,webshop_goal_00100,5,B09K78CJFT,2,4,2,2,3,2,8,10,True,0.8,
5,webshop_goal_00100,6,B09K78CJFT,3,3,2,3,3,2,8,8,True,1.0,
5,webshop_goal_00331,0,B08PK4LZL8,4,0,0,4,0,0,0,0,True,1.0,
5,webshop_goal_00331,1,B08PK4LZL8,1,0,3,1,0,3,3,3,True,1.0,
5,webshop_goal_00331,2,B09H38BHR9,2,0,3,1,0,2,2,3,False,0.0,load_capacity_min
5,webshop_goal_00331,3,B073515X3H,2,1,2,2,1,2,4,4,True,1.0,
5,webshop_goal_00331,4,B08QMT3B6D,2,1,2,2,1,1,3,4,True,0.75,
5,webshop_goal_00331,5,B08QMT3B6D,1,2,2,1,2,1,5,6,True,0.8333333333333334,
5,webshop_goal_00331,6,B08QMT3B6D,3,2,2,3,2,1,5,6,True,0.8333333333333334,
5,webshop_goal_00704,0,B019IOF8PK,5,0,0,5,0,0,0,0,True,1.0,
5,webshop_goal_00704,1,B019IOF8PK,2,0,3,2,0,3,3,3,True,1.0,
5,webshop_goal_00704,2,B098XQQTH5,3,1,3,3,1,3,5,5,True,1.0,
5,webshop_goal_00704,3,B098XQQTH5,2,3,3,2,3,3,9,9,True,1.0,
5,webshop_goal_00704,4,B098XQQTH5,3,4,3,3,4,3,11,11,True,1.0,
5,webshop_goal_00704,5,B095KVCP5W,4,4,2,3,2,2,6,10,False,0.0,in_wall_rated
5,webshop_goal_00704,6,B09BKWZCCN,2,6,2,1,4,2,10,14,False,0.0,length_ft
5,webshop_goal_00956,0,B09LM3H2F5,6,0,0,6,0,0,0,0,True,1.0,
5,webshop_goal_00956,1,B081ZWHNJW,2,0,5,1,0,3,3,5,False,0.0,category
5,webshop_goal_00956,2,B081ZWHNJW,2,0,5,1,0,3,3,5,False,0.0,category
5,webshop_goal_00956,3,B09PF8T5J3,2,1,5,1,0,4,4,7,False,0.0,category
5,webshop_goal_00956,4,B09PF8T5J3,1,2,5,1,1,4,6,9,True,0.6666666666666666,
5,webshop_goal_00956,5,B09PF8T5J3,2,1,5,2,0,4,4,7,True,0.5714285714285714,
5,webshop_goal_00956,6,B09PF8T5J3,3,1,5,2,1,4,6,7,False,0.0,chocolate_type
5,webshop_goal_01268,0,B096G437B4,5,0,0,5,0,0,0,0,True,1.0,
5,webshop_goal_01268,1,B096G44JDQ,2,0,4,2,0,3,3,4,True,0.75,
5,webshop_goal_01268,2,B096G44JDQ,2,1,4,2,1,3,5,6,True,0.8333333333333334,
5,webshop_goal_01268,3,B096G437B4,2,1,4,2,1,4,6,6,True,1.0,
5,webshop_goal_01268,4,B087JN9DPX,2,2,4,2,0,2,2,8,True,0.25,
5,webshop_goal_01268,5,B096G437B4,2,2,4,2,2,4,8,8,True,1.0,
5,webshop_goal_01268,6,B096G437B4,2,3,3,2,3,3,9,9,True,1.0,
5,webshop_goal_01614,0,B093LM5BDJ,5,0,0,5,0,0,0,0,True,1.0,
5,webshop_goal_01614,1,B093LM5BDJ,2,0,4,2,0,4,4,4,True,1.0,
5,webshop_goal_01614,2,B093SZTYCL,4,1,4,4,1,4,6,6,True,1.0,
5,webshop_goal_01614,3,B093SZTYCL,2,4,4,2,4,4,12,12,True,1.0,
5,webshop_goal_01614,4,B093SZTYCL,3,4,4,2,4,4,12,12,False,0.0,backing_color
5,webshop_goal_01614,5,B093SZTYCL,2,5,4,2,5,4,14,14,True,1.0,
5,webshop_goal_01614,6,B093SZTYCL,2,6,4,2,6,4,16,16,True,1.0,
5,webshop_goal_02798,0,B08YMT4H1K,5,0,0,3,0,0,0,0,False,0.0,color;category
5,webshop_goal_02798,1,B083V3F5FK,2,0,4,2,0,3,3,4,True,0.75,
5,webshop_goal_02798,2,B07ZGBKH2K,3,0,4,3,0,3,3,4,True,0.75,
5,webshop_goal_02798,3,B08JB8B4KQ,3,0,4,3,0,2,2,4,True,0.5,
5,webshop_goal_02798,4,B08JB8B4KQ,2,1,3,2,1,2,4,5,True,0.8,
5,webshop_goal_02798,5,B07GPF72BZ,4,1,3,3,1,2,4,5,False,0.0,usb_ports
5,webshop_goal_02798,6,B09F68LDPX,3,3,3,2,0,1,1,9,False,0.0,usb_c_ports_min
5,webshop_goal_04307,0,B09NLZFMRG,5,0,0,5,0,0,0,0,True,1.0,
5,webshop_goal_04307,1,B09NLS6XF9,2,0,4,2,0,3,3,4,True,0.75,
5,webshop_goal_04307,2,B01DJZXJBO,2,1,3,2,0,2,2,5,True,0.4,
5,webshop_goal_04307,3,B088FY2NVR,2,2,3,2,2,3,7,7,True,1.0,
5,webshop_goal_04307,4,B088FY2NVR,2,3,3,2,3,3,9,9,True,1.0,
5,webshop_goal_04307,5,B0994MC591,2,4,3,2,3,2,8,11,True,0.7272727272727273,
5,webshop_goal_04307,6,B09NGSX211,2,5,3,2,4,2,10,13,True,0.7692307692307693,
