instance_id,turn_id,human_shard,annotation_source,stop_reason,nM,nP,nO,Ma,Pa,Oa,soft_value,maximum,must_pass,score,failed_musts
webshop_goal_00000,0,1,human_annotated,virtual_buy,1,1,4,1,0,2,2,6,True,0.3333333333333333,
webshop_goal_00000,1,1,human_annotated,virtual_buy,1,2,3,1,0,1,1,7,True,0.14285714285714285,
webshop_goal_00000,2,1,human_annotated,stuck,3,0,5,0,0,1,1,5,False,0.0,category;color;insert
webshop_goal_00000,3,1,human_annotated,virtual_buy,2,1,4,1,1,2,4,6,False,0.0,style
webshop_goal_00042,0,5,human_annotated,step_budget,8,0,0,2,0,0,0,0,False,0.0,color;size;machine_wash;wash_cold;dry_clean;tumble_dry
webshop_goal_00042,1,5,human_annotated,virtual_buy,1,0,7,1,0,6,6,7,True,0.8571428571428571,
webshop_goal_00042,2,5,human_annotated,virtual_buy,2,0,6,1,0,5,5,6,False,0.0,color
webshop_goal_00042,3,5,human_annotated,virtual_buy,2,1,6,2,0,4,4,8,True,0.5,
webshop_goal_00042,4,5,human_annotated,virtual_buy,2,2,6,2,1,4,6,10,True,0.6,
webshop_goal_00042,5,5,human_annotated,virtual_buy,2,3,5,2,1,2,4,11,True,0.36363636363636365,
webshop_goal_00042,6,5,human_annotated,virtual_buy,2,4,5,2,1,2,4,13,True,0.3076923076923077,
webshop_goal_00074,0,5,human_annotated,stuck,6,0,0,1,0,0,0,0,False,0.0,category;color;size;machine_washable;living_room
webshop_goal_00074,1,5,human_annotated,stuck,2,0,5,0,0,0,0,5,False,0.0,category;light_control
webshop_goal_00074,2,5,human_annotated,stuck,3,1,3,0,0,0,0,5,False,0.0,category;budget_max;color
webshop_goal_00074,3,5,human_annotated,stuck,2,3,3,0,1,0,2,9,False,0.0,category;panel_count
webshop_goal_00074,4,5,human_annotated,virtual_buy,4,2,3,4,1,2,4,7,True,0.5714285714285714,
webshop_goal_00074,5,5,human_annotated,stuck,2,5,3,0,1,0,2,13,False,0.0,category;hanging_style
webshop_goal_00074,6,5,human_annotated,virtual_buy,2,5,3,2,4,2,10,13,True,0.7692307692307693,
webshop_goal_00100,0,5,human_annotated,virtual_buy,4,0,0,4,0,0,0,0,True,1.0,
webshop_goal_00100,1,5,human_annotated,virtual_buy,1,0,3,1,0,3,3,3,True,1.0,
webshop_goal_00100,2,5,human_annotated,virtual_buy,2,0,3,2,0,3,3,3,True,1.0,
webshop_goal_00100,3,5,human_annotated,virtual_buy,2,1,3,2,0,3,3,5,True,0.6,
webshop_goal_00100,4,5,human_annotated,virtual_buy,2,2,3,2,1,3,5,7,True,0.7142857142857143,
webshop_goal_00100,5,5,human_annotated,step_budget,2,3,2,2,0,2,2,8,True,0.25,
webshop_goal_00100,6,5,human_annotated,virtual_buy,2,3,2,2,3,2,8,8,True,1.0,
webshop_goal_00209,0,3,human_annotated,virtual_buy,10,0,0,4,0,0,0,0,False,0.0,category;hand_wash;stretch_fabric;polyester_spandex;teen_girls;daily_wear
webshop_goal_00209,1,3,human_annotated,virtual_buy,3,5,2,3,1,1,3,12,True,0.25,
webshop_goal_00209,2,3,human_annotated,virtual_buy,3,8,0,3,5,0,10,16,True,0.625,
webshop_goal_00209,3,3,human_annotated,step_budget,1,8,1,0,0,0,0,17,False,0.0,category
webshop_goal_00209,4,3,human_annotated,step_budget,3,7,2,2,3,1,7,16,False,0.0,style
webshop_goal_00219,0,,source_gold,virtual_buy,7,0,0,5,0,0,0,0,False,0.0,category;easy_clean
webshop_goal_00219,1,,source_gold,virtual_buy,5,0,3,5,0,1,1,3,True,0.3333333333333333,
webshop_goal_00219,2,,source_gold,virtual_buy,1,4,3,1,3,1,7,11,True,0.6363636363636364,
webshop_goal_00219,3,,source_gold,virtual_buy,2,4,3,2,4,1,9,11,True,0.8181818181818182,
webshop_goal_00219,4,,source_gold,virtual_buy,3,4,3,3,3,1,7,11,True,0.6363636363636364,
webshop_goal_00219,5,,source_gold,virtual_buy,2,5,3,2,4,2,10,13,True,0.7692307692307693,
webshop_goal_00219,6,,source_gold,virtual_buy,2,6,3,2,5,2,12,15,True,0.8,
webshop_goal_00273,0,2,human_annotated,step_budget,7,0,0,0,0,0,0,0,False,0.0,category;budget_max;color;size;slim_fit;button_closure;classic_fit
webshop_goal_00273,1,2,human_annotated,step_budget,3,0,5,0,0,0,0,5,False,0.0,category;color;style
webshop_goal_00273,2,2,human_annotated,step_budget,4,1,4,0,0,0,0,6,False,0.0,category;budget_max;color;size
webshop_goal_00273,3,2,human_annotated,virtual_buy,1,4,4,1,1,2,4,12,True,0.3333333333333333,
webshop_goal_00277,0,3,human_annotated,virtual_buy,3,0,0,3,0,0,0,0,True,1.0,
webshop_goal_00277,1,3,human_annotated,virtual_buy,3,1,1,3,1,0,2,3,True,0.6666666666666666,
webshop_goal_00277,2,3,human_annotated,virtual_buy,3,3,0,1,3,0,6,6,False,0.0,u shape;spoon shape
webshop_goal_00277,3,3,human_annotated,virtual_buy,6,2,0,4,2,0,4,4,False,0.0,storage_case;spoon shape
webshop_goal_00277,4,3,human_annotated,virtual_buy,2,6,1,1,3,0,6,13,False,0.0,color
webshop_goal_00318,0,1,human_annotated,stuck,1,0,5,0,0,0,0,5,False,0.0,category
webshop_goal_00318,1,1,human_annotated,virtual_buy,3,0,4,3,0,3,3,4,True,0.75,
webshop_goal_00318,2,1,human_annotated,virtual_buy,1,2,5,1,1,4,6,9,True,0.6666666666666666,
webshop_goal_00331,0,5,human_annotated,virtual_buy,4,0,0,3,0,0,0,0,False,0.0,quick_release
webshop_goal_00331,1,5,human_annotated,virtual_buy,1,0,3,1,0,2,2,3,True,0.6666666666666666,
webshop_goal_00331,2,5,human_annotated,stuck,2,0,3,0,0,0,0,3,False,0.0,category;load_capacity_min
webshop_goal_00331,3,5,human_annotated,virtual_buy,2,1,2,2,1,2,4,4,True,1.0,
webshop_goal_00331,4,5,human_annotated,virtual_buy,2,1,2,2,1,1,3,4,True,0.75,
webshop_goal_00331,5,5,human_annotated,virtual_buy,2,2,2,1,2,1,5,6,False,0.0,camera_quick_release_plate
webshop_goal_00331,6,5,human_annotated,virtual_buy,3,3,2,2,2,1,5,8,False,0.0,weight_max_lb
webshop_goal_00333,0,,source_gold,virtual_buy,4,0,0,3,0,0,0,0,False,0.0,aluminum_alloy
webshop_goal_00333,1,,source_gold,virtual_buy,1,0,3,1,0,2,2,3,True,0.6666666666666666,
webshop_goal_00333,2,,source_gold,virtual_buy,1,0,3,1,0,2,2,3,True,0.6666666666666666,
webshop_goal_00333,3,,source_gold,virtual_buy,3,0,3,2,0,2,2,3,False,0.0,construction_material
webshop_goal_00333,4,,source_gold,virtual_buy,2,2,2,2,0,1,1,6,True,0.16666666666666666,
webshop_goal_00333,5,,source_gold,virtual_buy,2,3,2,0,1,0,2,8,False,0.0,category;optical_quality
webshop_goal_00333,6,,source_gold,virtual_buy,2,4,2,1,1,0,2,10,False,0.0,category
webshop_goal_00611,0,4,human_annotated,virtual_buy,4,0,0,3,0,0,0,0,False,0.0,easy_install
webshop_goal_00611,1,4,human_annotated,virtual_buy,1,1,0,1,1,0,2,2,True,1.0,
webshop_goal_00611,2,4,human_annotated,virtual_buy,2,2,0,0,1,0,2,4,False,0.0,category;style
webshop_goal_00611,3,4,human_annotated,virtual_buy,5,2,0,0,1,0,2,4,False,0.0,category;compatibility;setup;waterproof_rating;style
webshop_goal_00611,4,4,human_annotated,virtual_buy,2,5,0,2,0,0,0,10,True,0.0,
webshop_goal_00679,0,4,human_annotated,virtual_buy,7,0,0,4,0,0,0,0,False,0.0,light_weight;high_resolution;easy_carry
webshop_goal_00679,1,4,human_annotated,virtual_buy,2,0,5,2,0,2,2,5,True,0.4,
webshop_goal_00679,2,4,human_annotated,stuck,2,1,5,0,0,0,0,7,False,0.0,category;material
webshop_goal_00679,3,4,human_annotated,stuck,2,2,5,0,0,0,0,9,False,0.0,category;visual_style
webshop_goal_00679,4,4,human_annotated,virtual_buy,2,4,4,2,2,1,5,12,True,0.4166666666666667,
webshop_goal_00679,5,4,human_annotated,virtual_buy,3,4,3,1,3,1,7,11,False,0.0,visual_style;light_weight
webshop_goal_00704,0,5,human_annotated,virtual_buy,5,0,0,4,0,0,0,0,False,0.0,gold_plated
webshop_goal_00704,1,5,human_annotated,virtual_buy,2,0,3,2,0,2,2,3,True,0.6666666666666666,
webshop_goal_00704,2,5,human_annotated,virtual_buy,2,1,3,1,1,2,4,5,False,0.0,installation_features
webshop_goal_00704,3,5,human_annotated,virtual_buy,2,2,3,2,1,2,4,7,True,0.5714285714285714,
webshop_goal_00704,4,5,human_annotated,virtual_buy,2,3,3,2,2,2,6,9,True,0.6666666666666666,
webshop_goal_00704,5,5,human_annotated,stuck,3,3,2,0,0,0,0,8,False,0.0,category;size;installation_features
webshop_goal_00704,6,5,human_annotated,stuck,2,4,2,0,0,0,0,10,False,0.0,category;variant_verification
webshop_goal_00916,0,4,human_annotated,virtual_buy,4,0,0,3,0,0,0,0,False,0.0,storage_space
webshop_goal_00916,1,4,human_annotated,stuck,2,0,3,0,0,0,0,3,False,0.0,category;storage_type
webshop_goal_00916,2,4,human_annotated,virtual_buy,3,0,2,3,0,2,2,2,True,1.0,
webshop_goal_00916,3,4,human_annotated,virtual_buy,2,1,2,2,1,2,4,4,True,1.0,
webshop_goal_00916,4,4,human_annotated,virtual_buy,2,2,3,1,2,2,6,7,False,0.0,weight_capacity_min
webshop_goal_00956,0,5,human_annotated,virtual_buy,6,0,0,5,0,0,0,0,False,0.0,hand_crafted
webshop_goal_00956,1,5,human_annotated,stuck,2,0,5,0,0,0,0,5,False,0.0,category;chocolate_type
webshop_goal_00956,2,5,human_annotated,virtual_buy,2,0,5,2,0,4,4,5,True,0.8,
webshop_goal_00956,3,5,human_annotated,virtual_buy,2,1,5,2,0,4,4,7,True,0.5714285714285714,
webshop_goal_00956,4,5,human_annotated,virtual_buy,1,2,5,1,1,4,6,9,True,0.6666666666666666,
webshop_goal_00956,5,5,human_annotated,virtual_buy,2,1,5,1,0,4,4,7,False,0.0,gift_presentation
webshop_goal_00956,6,5,human_annotated,virtual_buy,3,1,5,2,0,4,4,7,False,0.0,chocolate_type
webshop_goal_01038,0,,source_gold,virtual_buy,5,0,0,3,0,0,0,0,False,0.0,ultra_hd;stereo_sound
webshop_goal_01038,1,,source_gold,virtual_buy,2,0,4,2,0,2,2,4,True,0.5,
webshop_goal_01038,2,,source_gold,virtual_buy,2,1,4,2,1,2,4,6,True,0.6666666666666666,
webshop_goal_01038,3,,source_gold,virtual_buy,2,1,4,2,1,2,4,6,True,0.6666666666666666,
webshop_goal_01038,4,,source_gold,virtual_buy,2,2,3,2,0,0,0,7,True,0.0,
webshop_goal_01038,5,,source_gold,virtual_buy,2,2,3,2,2,1,5,7,True,0.7142857142857143,
webshop_goal_01038,6,,source_gold,virtual_buy,2,2,3,2,2,1,5,7,True,0.7142857142857143,
webshop_goal_01181,0,1,human_annotated,virtual_buy,1,0,10,1,0,5,5,10,True,0.5,
webshop_goal_01181,1,1,human_annotated,step_budget,4,8,1,0,0,0,0,17,False,0.0,category;ankle_strap;covered;chunky_heel
webshop_goal_01181,2,1,human_annotated,virtual_buy,2,11,1,2,5,0,10,23,True,0.43478260869565216,
webshop_goal_01181,3,1,human_annotated,step_budget,3,12,1,0,0,0,0,25,False,0.0,category;brand_quality;high_heel
webshop_goal_01237,0,3,human_annotated,virtual_buy,4,1,0,3,1,0,2,2,False,0.0,clear_glass
webshop_goal_01237,1,3,human_annotated,virtual_buy,2,0,4,1,0,4,4,4,False,0.0,category
webshop_goal_01237,2,3,human_annotated,step_budget,2,3,1,0,0,0,0,7,False,0.0,category;seeded glass
webshop_goal_01237,3,3,human_annotated,step_budget,2,2,2,0,0,0,0,6,False,0.0,category;color
webshop_goal_01237,4,3,human_annotated,step_budget,1,3,4,0,0,0,0,10,False,0.0,budget_max
webshop_goal_01259,0,2,human_annotated,virtual_buy,5,0,0,3,0,0,0,0,False,0.0,category;easy_clean
webshop_goal_01259,1,2,human_annotated,virtual_buy,3,0,2,3,0,1,1,2,True,0.5,
webshop_goal_01259,2,2,human_annotated,virtual_buy,2,1,2,2,1,1,3,4,True,0.75,
webshop_goal_01259,3,2,human_annotated,step_budget,2,2,2,2,1,1,3,6,True,0.5,
webshop_goal_01259,4,2,human_annotated,step_budget,2,2,2,2,1,1,3,6,True,0.5,
webshop_goal_01259,5,2,human_annotated,step_budget,1,2,3,0,0,0,0,7,False,0.0,category
webshop_goal_01268,0,5,human_annotated,virtual_buy,5,0,0,3,0,0,0,0,False,0.0,color;steel_frame
webshop_goal_01268,1,5,human_annotated,virtual_buy,2,0,4,2,0,1,1,4,True,0.25,
webshop_goal_01268,2,5,human_annotated,virtual_buy,2,1,4,1,1,2,4,6,False,0.0,color
webshop_goal_01268,3,5,human_annotated,virtual_buy,2,1,4,1,0,3,3,6,False,0.0,style
webshop_goal_01268,4,5,human_annotated,virtual_buy,2,2,4,2,0,2,2,8,True,0.25,
webshop_goal_01268,5,5,human_annotated,virtual_buy,2,2,4,1,0,3,3,8,False,0.0,quantity
webshop_goal_01268,6,5,human_annotated,virtual_buy,2,3,3,2,0,2,2,9,True,0.2222222222222222,
webshop_goal_01456,0,2,human_annotated,virtual_buy,5,0,0,3,0,0,0,0,False,0.0,quick_release;wireless_charging
webshop_goal_01456,1,2,human_annotated,virtual_buy,2,1,4,1,1,4,6,6,False,0.0,category
webshop_goal_01456,2,2,human_annotated,virtual_buy,2,2,3,2,2,2,6,7,True,0.8571428571428571,
webshop_goal_01456,3,2,human_annotated,virtual_buy,3,2,3,3,2,2,6,7,True,0.8571428571428571,
webshop_goal_01456,4,2,human_annotated,virtual_buy,2,3,3,0,3,3,9,9,False,0.0,category;budget_max
webshop_goal_01456,5,2,human_annotated,step_budget,3,1,3,1,1,2,4,5,False,0.0,category;budget_max
webshop_goal_01581,0,,source_gold,virtual_buy,4,0,0,3,0,0,0,0,False,0.0,high_quality
webshop_goal_01581,1,,source_gold,virtual_buy,3,0,3,1,0,2,2,3,False,0.0,sterilization;material
webshop_goal_01581,2,,source_gold,stuck,2,1,3,0,0,0,0,5,False,0.0,category;material
webshop_goal_01581,3,,source_gold,virtual_buy,2,1,3,1,0,2,2,5,False,0.0,material
webshop_goal_01581,4,,source_gold,virtual_buy,2,2,3,1,0,2,2,7,False,0.0,surface_treatment
webshop_goal_01581,5,,source_gold,step_budget,2,3,3,0,0,0,0,9,False,0.0,category;handle_material
webshop_goal_01581,6,,source_gold,virtual_buy,2,3,3,1,0,2,2,9,False,0.0,handle_material
webshop_goal_01614,0,5,human_annotated,virtual_buy,5,0,0,4,0,0,0,0,False,0.0,machine_washable
webshop_goal_01614,1,5,human_annotated,virtual_buy,2,0,4,2,0,3,3,4,True,0.75,
webshop_goal_01614,2,5,human_annotated,virtual_buy,3,1,4,2,1,2,4,6,False,0.0,size
webshop_goal_01614,3,5,human_annotated,virtual_buy,2,3,4,2,2,2,6,10,True,0.6,
webshop_goal_01614,4,5,human_annotated,step_budget,3,3,4,1,2,3,7,10,False,0.0,color;backing_color
webshop_goal_01614,5,5,human_annotated,virtual_buy,2,4,4,2,2,3,7,12,True,0.5833333333333334,
webshop_goal_01614,6,5,human_annotated,virtual_buy,2,5,4,2,3,3,9,14,True,0.6428571428571429,
webshop_goal_01620,0,4,human_annotated,virtual_buy,4,0,0,3,0,0,0,0,False,0.0,easy_assemble
webshop_goal_01620,1,4,human_annotated,virtual_buy,3,0,3,3,0,2,2,3,True,0.6666666666666666,
webshop_goal_01620,2,4,human_annotated,virtual_buy,2,2,2,2,2,1,5,6,True,0.8333333333333334,
webshop_goal_01620,3,4,human_annotated,stuck,2,2,3,0,0,0,0,7,False,0.0,category;desktop_construction
webshop_goal_01620,4,4,human_annotated,virtual_buy,2,3,3,2,2,2,6,9,True,0.6666666666666666,
webshop_goal_01620,5,4,human_annotated,virtual_buy,2,4,2,2,4,1,9,10,True,0.9,
webshop_goal_01620,6,4,human_annotated,virtual_buy,3,4,3,2,2,2,6,11,False,0.0,weight_capacity
webshop_goal_01892,0,3,human_annotated,virtual_buy,6,0,0,4,0,0,0,0,False,0.0,heavy_duty;easy_clean
webshop_goal_01892,1,3,human_annotated,virtual_buy,2,1,5,2,1,3,5,7,True,0.7142857142857143,
webshop_goal_01892,2,3,human_annotated,virtual_buy,0,4,4,0,3,2,8,12,True,0.6666666666666666,
webshop_goal_01892,3,3,human_annotated,step_budget,3,4,4,0,0,1,1,12,False,0.0,mobility;security;drawer_count
webshop_goal_01892,4,3,human_annotated,virtual_buy,1,3,4,1,2,0,4,10,True,0.4,
webshop_goal_02449,0,1,human_annotated,virtual_buy,1,0,4,1,0,3,3,4,True,0.75,
webshop_goal_02449,1,1,human_annotated,step_budget,2,1,4,0,0,0,0,6,False,0.0,category;finish
webshop_goal_02449,2,1,human_annotated,step_budget,2,2,4,1,0,3,3,8,False,0.0,design_style
webshop_goal_02449,3,1,human_annotated,virtual_buy,2,3,4,2,0,3,3,10,True,0.3,
webshop_goal_02449,4,1,human_annotated,virtual_buy,3,4,4,3,3,1,7,12,True,0.5833333333333334,
webshop_goal_02449,5,1,human_annotated,virtual_buy,3,5,4,3,3,1,7,14,True,0.5,
webshop_goal_02592,0,4,human_annotated,virtual_buy,5,0,0,5,0,0,0,0,True,1.0,
webshop_goal_02592,1,4,human_annotated,virtual_buy,2,0,4,2,0,4,4,4,True,1.0,
webshop_goal_02592,2,4,human_annotated,virtual_buy,2,2,4,2,1,4,6,8,True,0.75,
webshop_goal_02592,3,4,human_annotated,virtual_buy,2,3,4,1,2,4,8,10,False,0.0,printing
webshop_goal_02592,4,4,human_annotated,virtual_buy,3,2,3,3,2,3,7,7,True,1.0,
webshop_goal_02656,0,2,human_annotated,virtual_buy,5,0,0,4,0,0,0,0,False,0.0,long_lasting
webshop_goal_02656,1,2,human_annotated,step_budget,4,0,4,4,0,2,2,4,True,0.5,
webshop_goal_02656,2,2,human_annotated,step_budget,3,3,4,2,3,1,7,10,False,0.0,color
webshop_goal_02656,3,2,human_annotated,virtual_buy,3,3,4,2,3,1,7,10,False,0.0,burn_time_min
webshop_goal_02702,0,1,human_annotated,virtual_buy,1,0,9,0,0,5,5,9,False,0.0,category
webshop_goal_02702,1,1,human_annotated,virtual_buy,1,0,9,1,0,5,5,9,True,0.5555555555555556,
webshop_goal_02702,2,1,human_annotated,virtual_buy,2,0,9,0,0,7,7,9,False,0.0,category;dietary_claims
webshop_goal_02702,3,1,human_annotated,virtual_buy,2,1,8,1,0,6,6,10,False,0.0,category
webshop_goal_02702,4,1,human_annotated,virtual_buy,2,1,8,1,1,6,8,10,False,0.0,category
webshop_goal_02702,5,1,human_annotated,virtual_buy,2,2,8,0,2,6,10,12,False,0.0,category;ingredient_exclusions
webshop_goal_02798,0,5,human_annotated,stuck,5,0,0,0,0,0,0,0,False,0.0,category;budget_max;color;heavy_duty;wireless_charging
webshop_goal_02798,1,5,human_annotated,virtual_buy,1,0,4,1,0,3,3,4,True,0.75,
webshop_goal_02798,2,5,human_annotated,virtual_buy,2,0,4,1,0,2,2,4,False,0.0,category
webshop_goal_02798,3,5,human_annotated,step_budget,2,0,4,0,0,0,0,4,False,0.0,category;surge_protection_rating_min_joules
webshop_goal_02798,4,5,human_annotated,virtual_buy,1,1,3,0,1,1,3,5,False,0.0,category
webshop_goal_02798,5,5,human_annotated,virtual_buy,3,1,3,2,1,1,3,5,False,0.0,category
webshop_goal_02798,6,5,human_annotated,stuck,2,3,3,0,0,0,0,9,False,0.0,category;usb_c_ports_min
webshop_goal_03085,0,3,human_annotated,virtual_buy,4,0,0,3,0,0,0,0,False,0.0,engineered_wood
webshop_goal_03085,1,3,human_annotated,virtual_buy,3,2,0,2,1,0,2,4,False,0.0,storage_type
webshop_goal_03085,2,3,human_annotated,virtual_buy,2,4,0,1,2,0,4,8,False,0.0,width_max
webshop_goal_03085,3,3,human_annotated,virtual_buy,2,5,0,2,2,0,4,10,True,0.4,
webshop_goal_03085,4,3,human_annotated,virtual_buy,3,5,0,2,3,0,6,10,False,0.0,width_max
webshop_goal_03085,5,3,human_annotated,virtual_buy,1,8,0,1,4,0,8,16,True,0.5,
webshop_goal_03259,0,4,human_annotated,virtual_buy,4,0,0,3,0,0,0,0,False,0.0,easy_use
webshop_goal_03259,1,4,human_annotated,virtual_buy,2,0,3,2,0,2,2,3,True,0.6666666666666666,
webshop_goal_03259,2,4,human_annotated,virtual_buy,2,1,3,2,1,2,4,5,True,0.8,
webshop_goal_03259,3,4,human_annotated,virtual_buy,2,2,3,1,2,2,6,7,False,0.0,drying_feature
webshop_goal_03259,4,4,human_annotated,virtual_buy,2,2,3,2,0,1,1,7,True,0.14285714285714285,
webshop_goal_03259,5,4,human_annotated,virtual_buy,3,3,2,3,2,1,5,8,True,0.625,
webshop_goal_03383,0,3,human_annotated,virtual_buy,4,0,0,4,0,0,0,0,True,1.0,
webshop_goal_03383,1,3,human_annotated,stuck,3,1,0,0,0,0,0,2,False,0.0,category;budget_max;shade_type
webshop_goal_03383,2,3,human_annotated,virtual_buy,2,2,0,2,1,0,2,4,True,0.5,
webshop_goal_03383,3,3,human_annotated,virtual_buy,2,3,0,2,2,0,4,6,True,0.6666666666666666,
webshop_goal_03383,4,3,human_annotated,virtual_buy,2,6,0,1,5,0,10,12,False,0.0,dimming
webshop_goal_03784,0,,source_gold,virtual_buy,4,0,0,4,0,0,0,0,True,1.0,
webshop_goal_03784,1,,source_gold,virtual_buy,2,0,3,2,0,3,3,3,True,1.0,
webshop_goal_03784,2,,source_gold,virtual_buy,1,1,3,0,1,3,5,5,False,0.0,category
webshop_goal_03784,3,,source_gold,step_budget,4,0,3,0,0,0,0,3,False,0.0,category;bluetooth_version;digital_audio_input;remote_control
webshop_goal_03784,4,,source_gold,stuck,1,3,3,0,0,0,0,9,False,0.0,category
webshop_goal_03784,5,,source_gold,virtual_buy,4,1,3,3,0,2,2,5,False,0.0,bluetooth_version
webshop_goal_03784,6,,source_gold,virtual_buy,2,4,2,2,2,1,5,10,True,0.5,
webshop_goal_03884,0,3,human_annotated,virtual_buy,6,0,0,5,0,0,0,0,False,0.0,easy_install
webshop_goal_03884,1,3,human_annotated,virtual_buy,2,0,5,2,0,5,5,5,True,1.0,
webshop_goal_03884,2,3,human_annotated,virtual_buy,2,1,5,1,1,5,7,7,False,0.0,screen_type
webshop_goal_03884,3,3,human_annotated,virtual_buy,2,2,5,2,1,5,7,9,True,0.7777777777777778,
webshop_goal_03884,4,3,human_annotated,virtual_buy,2,4,5,1,2,5,9,13,False,0.0,night_photography_compatibility
webshop_goal_03987,0,4,human_annotated,virtual_buy,3,0,0,2,0,0,0,0,False,0.0,color
webshop_goal_03987,1,4,human_annotated,virtual_buy,2,1,0,1,1,0,2,2,False,0.0,color
webshop_goal_03987,2,4,human_annotated,virtual_buy,3,2,0,2,2,0,4,4,False,0.0,height_max
webshop_goal_03987,3,4,human_annotated,virtual_buy,2,4,0,2,3,0,6,8,True,0.75,
webshop_goal_04166,0,2,human_annotated,stuck,5,0,0,0,0,0,0,0,False,0.0,category;budget_max;style;high_density;memory_foam
webshop_goal_04166,1,2,human_annotated,virtual_buy,2,0,3,2,0,2,2,3,True,0.6666666666666666,
webshop_goal_04166,2,2,human_annotated,virtual_buy,2,1,3,2,1,2,4,5,True,0.8,
webshop_goal_04166,3,2,human_annotated,virtual_buy,5,0,3,5,0,2,2,3,True,0.6666666666666666,
webshop_goal_04166,4,2,human_annotated,virtual_buy,3,4,2,3,4,1,9,10,True,0.9,
webshop_goal_04166,5,2,human_annotated,virtual_buy,2,6,2,2,6,1,13,14,True,0.9285714285714286,
webshop_goal_04266,0,,source_gold,virtual_buy,4,0,0,2,0,0,0,0,False,0.0,high_speed;easy_use
webshop_goal_04266,1,,source_gold,virtual_buy,4,0,2,3,0,0,0,2,False,0.0,color_printing
webshop_goal_04266,2,,source_gold,virtual_buy,2,3,2,2,3,0,6,8,True,0.75,
webshop_goal_04266,3,,source_gold,virtual_buy,3,3,2,2,3,0,6,8,False,0.0,high_speed_printing
webshop_goal_04266,4,,source_gold,virtual_buy,2,5,2,1,4,0,8,12,False,0.0,automatic_duplex_printing
webshop_goal_04266,5,,source_gold,virtual_buy,2,5,2,2,3,0,6,12,True,0.5,
webshop_goal_04266,6,,source_gold,virtual_buy,2,6,2,1,4,0,8,14,False,0.0,automatic_document_feeder
webshop_goal_04307,0,5,human_annotated,stuck,5,0,0,0,0,0,0,0,False,0.0,category;budget_max;color;easy_clean;dead_skin
webshop_goal_04307,1,5,human_annotated,step_budget,2,0,4,0,0,0,0,4,False,0.0,category;cleaning_method
webshop_goal_04307,2,5,human_annotated,step_budget,2,1,3,2,0,3,3,5,True,0.6,
webshop_goal_04307,3,5,human_annotated,virtual_buy,2,2,3,2,2,3,7,7,True,1.0,
webshop_goal_04307,4,5,human_annotated,virtual_buy,2,3,3,2,3,3,9,9,True,1.0,
webshop_goal_04307,5,5,human_annotated,virtual_buy,2,4,3,2,3,2,8,11,True,0.7272727272727273,
webshop_goal_04307,6,5,human_annotated,virtual_buy,2,5,3,2,4,2,10,13,True,0.7692307692307693,
webshop_goal_04335,0,2,human_annotated,step_budget,4,0,0,3,0,0,0,0,False,0.0,resealable_bag
webshop_goal_04335,1,2,human_annotated,step_budget,2,0,2,0,0,0,0,2,False,0.0,category;budget_max
webshop_goal_04335,2,2,human_annotated,step_budget,2,2,1,2,2,0,4,5,True,0.8,
webshop_goal_04335,3,2,human_annotated,step_budget,1,3,2,1,2,1,5,8,True,0.625,
webshop_goal_04512,0,2,human_annotated,virtual_buy,5,0,0,5,0,0,0,0,True,1.0,
webshop_goal_04512,1,2,human_annotated,stuck,3,3,1,0,0,0,0,7,False,0.0,category;shape;style
webshop_goal_04512,2,2,human_annotated,virtual_buy,2,3,2,2,1,2,4,8,True,0.5,
webshop_goal_04512,3,2,human_annotated,virtual_buy,4,3,1,4,1,1,3,7,True,0.42857142857142855,
webshop_goal_04512,4,2,human_annotated,virtual_buy,4,2,1,3,1,0,2,5,False,0.0,frameless
webshop_goal_04512,5,2,human_annotated,virtual_buy,4,2,1,2,1,0,2,5,False,0.0,category;shape
webshop_goal_04592,0,3,human_annotated,virtual_buy,5,0,0,2,0,0,0,0,False,0.0,quick_drying;machine_wash;high_waist
webshop_goal_04592,1,3,human_annotated,step_budget,2,3,0,0,0,0,0,6,False,0.0,category;coverage
webshop_goal_04592,2,3,human_annotated,step_budget,3,3,0,0,0,0,0,6,False,0.0,category;sleeve_length;coverage
webshop_goal_04592,3,3,human_annotated,step_budget,3,4,0,0,1,0,2,8,False,0.0,category;closure_style;coverage
webshop_goal_04592,4,3,human_annotated,stuck,2,4,0,0,1,0,2,8,False,0.0,category;coverage
webshop_goal_04592,5,3,human_annotated,step_budget,1,5,0,0,0,0,0,10,False,0.0,quick_drying
webshop_goal_05038,0,1,human_annotated,virtual_buy,1,0,3,1,0,2,2,3,True,0.6666666666666666,
webshop_goal_05038,1,1,human_annotated,virtual_buy,2,0,3,2,0,2,2,3,True,0.6666666666666666,
webshop_goal_05038,2,1,human_annotated,virtual_buy,2,1,2,2,1,1,3,4,True,0.75,
webshop_goal_05038,3,1,human_annotated,virtual_buy,2,2,2,1,2,1,5,6,False,0.0,category
webshop_goal_05038,4,1,human_annotated,step_budget,2,3,2,0,0,0,0,8,False,0.0,category;kit_components
webshop_goal_05038,5,1,human_annotated,virtual_buy,2,3,2,0,3,1,7,8,False,0.0,category;kit_components
webshop_goal_05038,6,1,human_annotated,stuck,2,4,2,0,0,0,0,10,False,0.0,category;brand_preference
webshop_goal_05044,0,2,human_annotated,virtual_buy,8,0,0,6,0,0,0,0,False,0.0,clinically_proven;dead_skin
webshop_goal_05044,1,2,human_annotated,virtual_buy,1,7,0,0,5,0,10,14,False,0.0,category
webshop_goal_05044,2,2,human_annotated,stuck,3,6,1,0,0,0,0,13,False,0.0,retinol sa;set of treatment;salicylic acid
webshop_goal_05044,3,2,human_annotated,stuck,2,7,2,0,0,0,0,16,False,0.0,formulation_exclusions;oil free
webshop_goal_05044,4,2,human_annotated,step_budget,3,5,3,0,0,0,0,13,False,0.0,formulation_exclusions;retinol sa;oil free
webshop_goal_05121,0,1,human_annotated,stuck,7,0,0,0,0,0,0,0,False,0.0,category;budget_max;size;fully_cooked;freeze_dried;shelf_stable;ready_eat
webshop_goal_05121,1,1,human_annotated,virtual_buy,6,0,1,5,0,1,1,1,False,0.0,category
webshop_goal_05121,2,1,human_annotated,virtual_buy,2,6,0,1,6,0,12,12,False,0.0,category
webshop_goal_05121,3,1,human_annotated,virtual_buy,2,5,2,1,5,1,11,12,False,0.0,category
webshop_goal_05121,4,1,human_annotated,virtual_buy,2,5,3,1,5,2,12,13,False,0.0,category
webshop_goal_05351,0,3,human_annotated,stuck,4,0,0,0,0,0,0,0,False,0.0,category;size;non_gmo;dietary_fiber
webshop_goal_05351,1,3,human_annotated,stuck,3,0,2,0,0,0,0,2,False,0.0,category;size;budget
webshop_goal_05351,2,3,human_annotated,virtual_buy,1,2,2,1,2,1,5,6,True,0.8333333333333334,
webshop_goal_05351,3,3,human_annotated,virtual_buy,2,1,2,2,1,2,4,4,True,1.0,
webshop_goal_05351,4,3,human_annotated,step_budget,3,1,2,0,1,1,3,4,False,0.0,dried apricots;dried cranberries;multiple packs
webshop_goal_05380,0,4,human_annotated,virtual_buy,5,0,0,4,0,0,0,0,False,0.0,rubber_sole
webshop_goal_05380,1,4,human_annotated,virtual_buy,4,0,1,1,0,1,1,1,False,0.0,category;relaxed_fit;rubber_sole
webshop_goal_05380,2,4,human_annotated,virtual_buy,5,1,0,1,1,0,2,2,False,0.0,category;fit;relaxed_fit;rubber_sole
webshop_goal_05380,3,4,human_annotated,step_budget,5,2,0,0,0,0,0,4,False,0.0,category;style;relaxed_fit;arch_support;rubber_sole
webshop_goal_05380,4,4,human_annotated,virtual_buy,5,2,0,2,2,0,4,4,False,0.0,relaxed_fit;arch_support;rubber_sole
webshop_goal_05380,5,4,human_annotated,step_budget,5,3,0,0,0,0,0,6,False,0.0,category;toe_shape;relaxed_fit;arch_support;rubber_sole
webshop_goal_05775,0,2,human_annotated,virtual_buy,4,0,0,4,0,0,0,0,True,1.0,
webshop_goal_05775,1,2,human_annotated,virtual_buy,3,3,0,3,3,0,6,6,True,1.0,
webshop_goal_05775,2,2,human_annotated,virtual_buy,4,4,0,3,4,0,8,8,False,0.0,connector_type
webshop_goal_05775,3,2,human_annotated,virtual_buy,2,8,0,2,6,0,12,16,True,0.75,
webshop_goal_06824,0,1,human_annotated,virtual_buy,1,0,3,1,0,2,2,3,True,0.6666666666666666,
webshop_goal_06824,1,1,human_annotated,step_budget,2,0,3,0,0,0,0,3,False,0.0,category;style
webshop_goal_06824,2,1,human_annotated,stuck,2,1,3,0,0,0,0,5,False,0.0,category;shade_style
webshop_goal_06824,3,1,human_annotated,virtual_buy,3,2,2,3,0,0,0,6,True,0.0,
webshop_goal_06824,4,1,human_annotated,step_budget,3,3,2,0,0,0,0,8,False,0.0,category;budget_max;height_min
